order_id,store_id,coffee_type,price,currency,loyalty_card_id
ord-1000,store-madrid-03,DOUBLE_ESPRESSO,1.58,EUR,card-oivg-1043
ord-1001,store-berlin-02,LATTE,2.17,EUR,card-cbfn-8196
ord-1002,store-madrid-03,DOUBLE_ESPRESSO,3.53,EUR,card-jmtp-3890
ord-1003,store-madrid-03,DOUBLE_ESPRESSO,3.27,EUR,card-lrza-8637
ord-1004,store-london-01,ESPRESSO,1.78,GBP,card-jnwv-2654
ord-1005,store-london-01,MACCHIATO,3.31,GBP,card-wwmq-1161
ord-1006,store-madrid-03,LATTE,3.65,EUR,card-yfjs-0781
ord-1007,store-madrid-03,MACCHIATO,2.76,EUR,card-tecq-9593
ord-1008,store-berlin-02,COLD_BREW,2.33,EUR,card-gyrd-3413
ord-1009,store-london-01,AMERICANO,3.59,GBP,card-nqrs-5255
ord-1010,store-berlin-02,CAPPUCCINO,1.97,EUR,card-upkd-1928
ord-1011,store-berlin-02,DOUBLE_ESPRESSO,1.78,EUR,card-ruxx-6483
ord-1012,store-london-01,FLAT_WHITE,4.04,GBP,card-zren-0305
ord-1013,store-madrid-03,CAPPUCCINO,3.92,EUR,card-zpdj-9537
ord-1014,store-madrid-03,CORTADO,3.11,EUR,card-iqvl-4238
ord-1015,store-berlin-02,DOUBLE_ESPRESSO,3.16,EUR,card-oigf-6965
ord-1016,store-madrid-03,COLD_BREW,4.16,EUR,card-okyr-1012
ord-1017,store-berlin-02,COLD_BREW,2.08,EUR,card-ymdh-6916
ord-1018,store-london-01,ESPRESSO,3.48,GBP,card-riwr-4801
ord-1019,store-berlin-02,DOUBLE_ESPRESSO,4.07,EUR,card-kdau-5146
ord-1020,store-london-01,MOCHA,2.33,GBP,card-goto-4828
ord-1021,store-madrid-03,FLAT_WHITE,1.99,EUR,card-xwki-8932
ord-1022,store-berlin-02,LATTE,3.51,EUR,card-fbhx-8095
ord-1023,store-madrid-03,DOUBLE_ESPRESSO,3.33,EUR,card-kffu-4303
ord-1024,store-london-01,MACCHIATO,3.69,GBP,card-iqej-7182
ord-1025,store-london-01,CORTADO,2.64,GBP,card-bniw-2489
ord-1026,store-madrid-03,MACCHIATO,2.16,EUR,card-chch-3465
ord-1027,store-berlin-02,ESPRESSO,2.19,EUR,card-bljo-3315
ord-1028,store-london-01,FLAT_WHITE,2.70,GBP,card-todo-9301
ord-1029,store-london-01,LATTE,4.24,GBP,card-gprq-1051
ord-1030,store-madrid-03,FLAT_WHITE,2.14,EUR,card-ukke-7382
ord-1031,store-berlin-02,MOCHA,4.15,EUR,card-ggqb-3763
ord-1032,store-madrid-03,CORTADO,1.93,EUR,card-udrp-5667
ord-1033,store-london-01,LATTE,3.73,GBP,card-zgpm-1065
ord-1034,store-madrid-03,CAPPUCCINO,3.74,EUR,card-blrd-3872
ord-1035,store-berlin-02,COLD_BREW,2.70,EUR,card-gdpi-3178
ord-1036,store-london-01,AMERICANO,3.03,GBP,card-afen-0132
ord-1037,store-london-01,ESPRESSO,4.08,GBP,card-ayqy-6026
ord-1038,store-london-01,AMERICANO,3.88,GBP,card-qtfj-7468
ord-1039,store-berlin-02,COLD_BREW,1.69,EUR,card-lvid-3430
ord-1040,store-berlin-02,COLD_BREW,4.49,EUR,card-eghk-5009
ord-1041,store-madrid-03,CAPPUCCINO,4.41,EUR,card-emer-0812
ord-1042,store-london-01,DOUBLE_ESPRESSO,3.55,GBP,card-plmc-3619
ord-1043,store-madrid-03,CAPPUCCINO,3.81,EUR,card-khuq-9169
ord-1044,store-berlin-02,DOUBLE_ESPRESSO,2.38,EUR,card-ziqp-3534
ord-1045,store-london-01,CORTADO,1.51,GBP,card-adnk-4751
ord-1046,store-madrid-03,CAPPUCCINO,4.42,EUR,card-gqiw-1183
ord-1047,store-london-01,MACCHIATO,4.24,GBP,card-kcit-1354
ord-1048,store-madrid-03,CAPPUCCINO,4.03,EUR,card-qjtq-4980
ord-1049,store-madrid-03,COLD_BREW,2.10,EUR,card-gvjj-1241
ord-1050,store-berlin-02,AMERICANO,3.12,EUR,card-tvnr-4493
ord-1051,store-madrid-03,ESPRESSO,3.30,EUR,card-dfob-4874
ord-1052,store-berlin-02,ESPRESSO,1.84,EUR,card-xioq-4005
ord-1053,store-berlin-02,CAPPUCCINO,2.22,EUR,card-jahe-2786
ord-1054,store-london-01,COLD_BREW,4.34,GBP,card-ljjb-2805
ord-1055,store-london-01,CORTADO,3.95,GBP,card-ycwn-2045
ord-1056,store-madrid-03,AMERICANO,1.89,EUR,card-anvj-3158
ord-1057,store-berlin-02,MACCHIATO,2.00,EUR,card-blvv-3226
ord-1058,store-madrid-03,COLD_BREW,2.77,EUR,card-ysgy-6342
ord-1059,store-london-01,MACCHIATO,3.77,GBP,card-dwty-0733
ord-1060,store-madrid-03,LATTE,3.64,EUR,card-zvre-3303
ord-1061,store-berlin-02,FLAT_WHITE,2.81,EUR,card-rivb-4586
ord-1062,store-madrid-03,CORTADO,1.86,EUR,card-qcgm-1429
ord-1063,store-london-01,DOUBLE_ESPRESSO,2.51,GBP,card-mghy-6556
ord-1064,store-madrid-03,MACCHIATO,2.19,EUR,card-tbah-9340
ord-1065,store-london-01,ESPRESSO,1.71,GBP,card-eqvn-8356
ord-1066,store-madrid-03,ESPRESSO,2.19,EUR,card-tqau-5148
ord-1067,store-london-01,FLAT_WHITE,1.71,GBP,card-maqy-6482
ord-1068,store-london-01,CAPPUCCINO,3.51,GBP,card-zjat-2994
ord-1069,store-london-01,MACCHIATO,1.90,GBP,card-mpud-4369
ord-1070,store-madrid-03,COLD_BREW,2.92,EUR,card-eyyv-7738
ord-1071,store-berlin-02,MOCHA,2.07,EUR,card-qonv-2148
ord-1072,store-london-01,MOCHA,2.56,GBP,card-zmjb-1343
ord-1073,store-berlin-02,CORTADO,4.09,EUR,card-xeda-0379
ord-1074,store-london-01,DOUBLE_ESPRESSO,1.68,GBP,card-zpjp-9367
ord-1075,store-madrid-03,FLAT_WHITE,3.90,EUR,card-lzsh-0163
ord-1076,store-london-01,LATTE,2.07,GBP,card-hdiz-7083
ord-1077,store-madrid-03,CORTADO,1.92,EUR,card-uwcn-7889
ord-1078,store-london-01,CAPPUCCINO,2.89,GBP,card-kvec-8687
ord-1079,store-london-01,CORTADO,3.92,GBP,card-fopr-4348
ord-1080,store-madrid-03,DOUBLE_ESPRESSO,1.65,EUR,card-rvui-7143
ord-1081,store-madrid-03,ESPRESSO,4.41,EUR,card-ysjt-1223
ord-1082,store-london-01,AMERICANO,2.72,GBP,card-vida-3166
ord-1083,store-berlin-02,LATTE,4.09,EUR,card-xlsb-0366
ord-1084,store-london-01,AMERICANO,2.64,GBP,card-wtwy-9670
ord-1085,store-berlin-02,CAPPUCCINO,4.28,EUR,card-ofor-6889
ord-1086,store-berlin-02,CAPPUCCINO,2.77,EUR,card-vqrz-6706
ord-1087,store-madrid-03,MACCHIATO,3.49,EUR,card-nibz-6272
ord-1088,store-berlin-02,AMERICANO,2.07,EUR,card-pbid-9901
ord-1089,store-london-01,ESPRESSO,3.24,GBP,card-undu-2046
ord-1090,store-madrid-03,ESPRESSO,3.74,EUR,card-qfeb-5646
ord-1091,store-london-01,ESPRESSO,3.25,GBP,card-pexp-8053
ord-1092,store-madrid-03,MACCHIATO,1.97,EUR,card-bnjp-0033
ord-1093,store-madrid-03,DOUBLE_ESPRESSO,4.05,EUR,card-ndsq-2719
ord-1094,store-london-01,COLD_BREW,1.70,GBP,card-vthx-5299
ord-1095,store-london-01,MOCHA,1.86,GBP,card-btkr-2419
ord-1096,store-madrid-03,LATTE,3.24,EUR,card-lsop-6631
ord-1097,store-london-01,COLD_BREW,1.75,GBP,card-ykyc-1491
ord-1098,store-madrid-03,COLD_BREW,3.20,EUR,card-egpv-5865
ord-1099,store-berlin-02,CAPPUCCINO,2.11,EUR,card-bxod-0671
ord-1100,store-madrid-03,FLAT_WHITE,2.22,EUR,card-prnz-2628
ord-1101,store-berlin-02,AMERICANO,3.52,EUR,card-ulru-8776
ord-1102,store-berlin-02,CORTADO,2.45,EUR,card-pwdk-3147
ord-1103,store-london-01,ESPRESSO,2.87,GBP,card-fulf-9650
ord-1104,store-madrid-03,DOUBLE_ESPRESSO,1.72,EUR,card-rmsr-3545
ord-1105,store-london-01,MACCHIATO,2.30,GBP,card-fpua-8083
ord-1106,store-berlin-02,DOUBLE_ESPRESSO,4.14,EUR,card-ptfc-7837
ord-1107,store-berlin-02,CAPPUCCINO,1.97,EUR,card-zspt-0143
ord-1108,store-madrid-03,CAPPUCCINO,3.34,EUR,card-hwbv-9578
ord-1109,store-madrid-03,MACCHIATO,1.52,EUR,card-rtqo-8557
ord-1110,store-madrid-03,CAPPUCCINO,4.30,EUR,card-viws-1351
ord-1111,store-london-01,AMERICANO,2.29,GBP,card-rulw-2337
ord-1112,store-london-01,MACCHIATO,1.97,GBP,card-msox-8941
ord-1113,store-berlin-02,COLD_BREW,2.13,EUR,card-ircd-2408
ord-1114,store-berlin-02,LATTE,3.56,EUR,card-gaks-8427
ord-1115,store-berlin-02,MACCHIATO,2.97,EUR,card-ldqe-7775
ord-1116,store-london-01,DOUBLE_ESPRESSO,3.40,GBP,card-ekor-1167
ord-1117,store-berlin-02,ESPRESSO,1.51,EUR,card-tfph-0229
ord-1118,store-london-01,CAPPUCCINO,1.98,GBP,card-ynox-8699
ord-1119,store-berlin-02,MACCHIATO,3.62,EUR,card-tlbt-8677
ord-1120,store-madrid-03,ESPRESSO,1.84,EUR,card-vgwn-9909
ord-1121,store-madrid-03,AMERICANO,3.14,EUR,card-plje-3412
ord-1122,store-berlin-02,COLD_BREW,3.16,EUR,card-smes-2067
ord-1123,store-berlin-02,AMERICANO,1.63,EUR,card-sder-0344
ord-1124,store-berlin-02,ESPRESSO,4.20,EUR,card-bhio-3493
ord-1125,store-london-01,LATTE,3.50,GBP,card-dkyt-2421
ord-1126,store-berlin-02,MACCHIATO,4.15,EUR,card-hdst-9947
ord-1127,store-berlin-02,COLD_BREW,3.75,EUR,card-fcfm-6488
ord-1128,store-london-01,AMERICANO,4.43,GBP,card-qbfo-0659
ord-1129,store-london-01,MOCHA,1.57,GBP,card-kcww-9904
ord-1130,store-madrid-03,FLAT_WHITE,3.85,EUR,card-rllb-2787
ord-1131,store-berlin-02,LATTE,2.30,EUR,card-avuq-7175
ord-1132,store-madrid-03,DOUBLE_ESPRESSO,2.65,EUR,card-sfsq-1256
ord-1133,store-london-01,CORTADO,2.17,GBP,card-fuqu-6807
ord-1134,store-berlin-02,FLAT_WHITE,2.42,EUR,card-qida-1680
ord-1135,store-london-01,LATTE,1.57,GBP,card-nwfo-0385
ord-1136,store-london-01,MOCHA,2.48,GBP,card-jisc-7034
ord-1137,store-london-01,CAPPUCCINO,2.55,GBP,card-zptk-7109
ord-1138,store-madrid-03,MOCHA,3.54,EUR,card-afoh-4808
ord-1139,store-madrid-03,FLAT_WHITE,4.32,EUR,card-tsgt-7127
ord-1140,store-london-01,CAPPUCCINO,2.04,GBP,card-pdjj-4677
ord-1141,store-berlin-02,ESPRESSO,1.83,EUR,card-vier-6398
ord-1142,store-berlin-02,FLAT_WHITE,3.69,EUR,card-asut-6584
ord-1143,store-berlin-02,MOCHA,3.32,EUR,card-ciew-9972
ord-1144,store-madrid-03,DOUBLE_ESPRESSO,2.66,EUR,card-dums-5886
ord-1145,store-madrid-03,LATTE,2.26,EUR,card-xacu-3963
ord-1146,store-madrid-03,MOCHA,1.51,EUR,card-fcig-7662
ord-1147,store-madrid-03,LATTE,2.59,EUR,card-ghda-9517
ord-1148,store-london-01,FLAT_WHITE,3.37,GBP,card-eyqv-2621
ord-1149,store-madrid-03,DOUBLE_ESPRESSO,3.66,EUR,card-riyu-9615
ord-1150,store-berlin-02,MACCHIATO,2.43,EUR,card-epor-7809
ord-1151,store-berlin-02,FLAT_WHITE,2.71,EUR,card-gwot-4316
ord-1152,store-berlin-02,MACCHIATO,1.88,EUR,card-bcuy-1724
ord-1153,store-berlin-02,MOCHA,3.53,EUR,card-bjph-0455
ord-1154,store-london-01,COLD_BREW,3.21,GBP,card-lfny-6922
ord-1155,store-berlin-02,MACCHIATO,4.00,EUR,card-jodo-9379
ord-1156,store-berlin-02,CAPPUCCINO,2.13,EUR,card-zdsr-4740
ord-1157,store-madrid-03,COLD_BREW,3.46,EUR,card-wlto-8217
ord-1158,store-berlin-02,CORTADO,2.83,EUR,card-myeg-6474
ord-1159,store-london-01,MACCHIATO,2.92,GBP,card-ksss-3695
ord-1160,store-madrid-03,AMERICANO,3.48,EUR,card-krxv-0640
ord-1161,store-berlin-02,MACCHIATO,3.49,EUR,card-xzom-0974
ord-1162,store-madrid-03,FLAT_WHITE,1.78,EUR,card-qrwu-5339
ord-1163,store-london-01,CAPPUCCINO,2.17,GBP,card-yccl-2104
ord-1164,store-london-01,AMERICANO,1.57,GBP,card-uval-5214
ord-1165,store-london-01,CORTADO,3.33,GBP,card-hgrk-3285
ord-1166,store-london-01,CORTADO,2.74,GBP,card-zhde-4745
ord-1167,store-madrid-03,COLD_BREW,2.08,EUR,card-xfyz-2368
ord-1168,store-madrid-03,MOCHA,2.98,EUR,card-dxrv-0481
ord-1169,store-london-01,AMERICANO,3.47,GBP,card-groe-4965
ord-1170,store-london-01,DOUBLE_ESPRESSO,3.84,GBP,card-nope-0985
ord-1171,store-london-01,AMERICANO,3.91,GBP,card-icct-7461
ord-1172,store-madrid-03,MACCHIATO,2.89,EUR,card-iiyd-7113
ord-1173,store-madrid-03,LATTE,4.25,EUR,card-vuja-5869
ord-1174,store-london-01,CORTADO,1.90,GBP,card-rcsx-1796
ord-1175,store-berlin-02,MACCHIATO,4.46,EUR,card-xgrx-3773
ord-1176,store-madrid-03,FLAT_WHITE,4.35,EUR,card-rmhd-8506
ord-1177,store-berlin-02,COLD_BREW,3.95,EUR,card-dyvp-1390
ord-1178,store-madrid-03,MOCHA,3.99,EUR,card-wjnl-2931
ord-1179,store-madrid-03,CORTADO,4.19,EUR,card-ymar-3352
ord-1180,store-madrid-03,CORTADO,2.85,EUR,card-zlhq-2284
ord-1181,store-london-01,CAPPUCCINO,3.80,GBP,card-yypl-0205
ord-1182,store-madrid-03,CORTADO,3.38,EUR,card-diva-5024
ord-1183,store-berlin-02,CORTADO,1.73,EUR,card-cxxg-8117
ord-1184,store-berlin-02,LATTE,2.32,EUR,card-oncu-9178
ord-1185,store-berlin-02,MACCHIATO,1.74,EUR,card-dezb-8470
ord-1186,store-london-01,LATTE,2.65,GBP,card-fumj-1771
ord-1187,store-london-01,LATTE,1.69,GBP,card-oljt-1249
ord-1188,store-berlin-02,FLAT_WHITE,3.13,EUR,card-sdgm-5698
ord-1189,store-berlin-02,ESPRESSO,2.12,EUR,card-unbc-6118
ord-1190,store-berlin-02,MOCHA,4.21,EUR,card-zaug-3657
ord-1191,store-madrid-03,ESPRESSO,4.07,EUR,card-xjre-5654
ord-1192,store-madrid-03,MOCHA,2.93,EUR,card-bgvv-1111
ord-1193,store-berlin-02,CAPPUCCINO,3.76,EUR,card-ljjv-5280
ord-1194,store-berlin-02,MACCHIATO,3.74,EUR,card-udsm-1656
ord-1195,store-madrid-03,COLD_BREW,4.19,EUR,card-gnjq-4519
ord-1196,store-berlin-02,LATTE,2.32,EUR,card-jxhw-7315
ord-1197,store-berlin-02,ESPRESSO,2.67,EUR,card-jxnn-4936
ord-1198,store-madrid-03,MOCHA,3.67,EUR,card-blrs-8094
ord-1199,store-berlin-02,AMERICANO,4.44,EUR,card-ljkq-4550
ord-1200,store-madrid-03,ESPRESSO,4.22,EUR,card-fvhn-6120
ord-1201,store-madrid-03,COLD_BREW,3.49,EUR,card-kxtu-6675
ord-1202,store-london-01,MOCHA,1.91,GBP,card-djkw-5991
ord-1203,store-berlin-02,AMERICANO,1.65,EUR,card-cqbf-9014
ord-1204,store-berlin-02,FLAT_WHITE,2.13,EUR,card-nwgh-9764
ord-1205,store-berlin-02,FLAT_WHITE,3.78,EUR,card-rrlf-5614
ord-1206,store-berlin-02,CAPPUCCINO,3.76,EUR,card-zmda-8403
ord-1207,store-berlin-02,CAPPUCCINO,4.00,EUR,card-wqsu-3432
ord-1208,store-berlin-02,ESPRESSO,3.75,EUR,card-liyi-1076
ord-1209,store-london-01,FLAT_WHITE,2.17,GBP,card-ezvc-3885
ord-1210,store-london-01,ESPRESSO,3.76,GBP,card-ukbk-6071
ord-1211,store-london-01,LATTE,4.02,GBP,card-zbuk-6641
ord-1212,store-madrid-03,AMERICANO,2.22,EUR,card-bgpb-9751
ord-1213,store-berlin-02,DOUBLE_ESPRESSO,3.19,EUR,card-ztvv-9681
ord-1214,store-london-01,CORTADO,3.60,GBP,card-gohh-3521
ord-1215,store-berlin-02,AMERICANO,3.32,EUR,card-upjp-8355
ord-1216,store-madrid-03,DOUBLE_ESPRESSO,3.83,EUR,card-lmjw-1243
ord-1217,store-london-01,CAPPUCCINO,1.82,GBP,card-wkwl-1277
ord-1218,store-london-01,CAPPUCCINO,3.23,GBP,card-oujc-7995
ord-1219,store-berlin-02,MOCHA,4.32,EUR,card-yrld-1774
ord-1220,store-london-01,DOUBLE_ESPRESSO,3.28,GBP,card-dccd-5814
ord-1221,store-madrid-03,LATTE,1.81,EUR,card-nmgy-5411
ord-1222,store-berlin-02,COLD_BREW,3.92,EUR,card-czkp-7980
ord-1223,store-madrid-03,ESPRESSO,2.54,EUR,card-gjdc-3597
ord-1224,store-berlin-02,FLAT_WHITE,1.71,EUR,card-plcp-1518
ord-1225,store-madrid-03,FLAT_WHITE,1.54,EUR,card-nkxx-7788
ord-1226,store-berlin-02,CORTADO,1.82,EUR,card-rmdy-4665
ord-1227,store-berlin-02,CORTADO,3.62,EUR,card-jrys-5151
ord-1228,store-berlin-02,AMERICANO,3.70,EUR,card-flqj-4925
ord-1229,store-madrid-03,CAPPUCCINO,3.35,EUR,card-mtft-5462
ord-1230,store-madrid-03,CORTADO,2.89,EUR,card-qsvr-8652
ord-1231,store-madrid-03,COLD_BREW,2.31,EUR,card-xbxt-8168
ord-1232,store-london-01,DOUBLE_ESPRESSO,2.34,GBP,card-moij-2357
ord-1233,store-berlin-02,LATTE,3.75,EUR,card-xivh-1418
ord-1234,store-madrid-03,COLD_BREW,3.50,EUR,card-myjk-0592
ord-1235,store-berlin-02,ESPRESSO,2.98,EUR,card-caxr-2927
ord-1236,store-berlin-02,AMERICANO,2.96,EUR,card-wvyc-3794
ord-1237,store-berlin-02,CAPPUCCINO,2.52,EUR,card-zyem-3834
ord-1238,store-madrid-03,CAPPUCCINO,3.17,EUR,card-xsxy-5977
ord-1239,store-madrid-03,LATTE,1.76,EUR,card-mzmi-8862
ord-1240,store-madrid-03,MOCHA,2.97,EUR,card-jgth-4075
ord-1241,store-london-01,CORTADO,3.44,GBP,card-rcgj-1412
ord-1242,store-berlin-02,CORTADO,3.88,EUR,card-wbad-6137
ord-1243,store-london-01,CAPPUCCINO,2.16,GBP,card-yfxo-6853
ord-1244,store-madrid-03,LATTE,2.42,EUR,card-yjic-0515
ord-1245,store-madrid-03,FLAT_WHITE,2.92,EUR,card-cnaf-4727
ord-1246,store-madrid-03,FLAT_WHITE,2.78,EUR,card-jumh-0432
ord-1247,store-madrid-03,MACCHIATO,2.49,EUR,card-thdp-6143
ord-1248,store-madrid-03,CORTADO,2.31,EUR,card-hfmi-6971
ord-1249,store-berlin-02,LATTE,1.86,EUR,card-tjsb-0893
ord-1250,store-london-01,FLAT_WHITE,1.86,GBP,card-kalq-0953
ord-1251,store-madrid-03,AMERICANO,2.07,EUR,card-higy-1851
ord-1252,store-madrid-03,CORTADO,2.33,EUR,card-ecoy-8806
ord-1253,store-madrid-03,MACCHIATO,3.29,EUR,card-yewp-5405
ord-1254,store-london-01,LATTE,2.39,GBP,card-cwiv-1952
ord-1255,store-berlin-02,AMERICANO,2.41,EUR,card-ziet-2772
ord-1256,store-madrid-03,MACCHIATO,1.88,EUR,card-cymc-7043
ord-1257,store-london-01,ESPRESSO,3.16,GBP,card-ieqc-5486
ord-1258,store-madrid-03,AMERICANO,3.41,EUR,card-pvrh-3450
ord-1259,store-berlin-02,DOUBLE_ESPRESSO,4.12,EUR,card-yvlf-5667
ord-1260,store-madrid-03,CAPPUCCINO,2.91,EUR,card-zfub-7584
ord-1261,store-berlin-02,FLAT_WHITE,2.05,EUR,card-isug-1692
ord-1262,store-london-01,CAPPUCCINO,4.32,GBP,card-cmtb-1544
ord-1263,store-berlin-02,DOUBLE_ESPRESSO,3.97,EUR,card-cuwn-2757
ord-1264,store-berlin-02,CORTADO,1.72,EUR,card-qozx-6401
ord-1265,store-madrid-03,ESPRESSO,1.96,EUR,card-mryc-8202
ord-1266,store-madrid-03,CAPPUCCINO,1.76,EUR,card-xpxx-0213
ord-1267,store-london-01,DOUBLE_ESPRESSO,3.17,GBP,card-jrcx-6909
ord-1268,store-berlin-02,COLD_BREW,3.29,EUR,card-ihxz-5719
ord-1269,store-madrid-03,LATTE,3.83,EUR,card-bvlf-5431
ord-1270,store-berlin-02,CORTADO,4.23,EUR,card-qxqt-8681
ord-1271,store-berlin-02,COLD_BREW,4.47,EUR,card-sfmh-7394
ord-1272,store-berlin-02,COLD_BREW,3.36,EUR,card-tcfz-2172
ord-1273,store-madrid-03,DOUBLE_ESPRESSO,4.34,EUR,card-istk-5518
ord-1274,store-london-01,LATTE,2.29,GBP,card-hmyi-2583
ord-1275,store-london-01,AMERICANO,2.22,GBP,card-jkxd-3705
ord-1276,store-madrid-03,DOUBLE_ESPRESSO,1.97,EUR,card-etzt-8291
ord-1277,store-berlin-02,CORTADO,3.57,EUR,card-keiu-7866
ord-1278,store-berlin-02,CAPPUCCINO,1.60,EUR,card-wixj-1778
ord-1279,store-berlin-02,CAPPUCCINO,3.61,EUR,card-gdhh-9226
ord-1280,store-berlin-02,DOUBLE_ESPRESSO,3.56,EUR,card-utow-2422
ord-1281,store-berlin-02,COLD_BREW,3.48,EUR,card-mojr-8414
ord-1282,store-london-01,MOCHA,1.84,GBP,card-fgpk-2498
ord-1283,store-london-01,AMERICANO,4.23,GBP,card-qnum-9922
ord-1284,store-london-01,DOUBLE_ESPRESSO,1.68,GBP,card-fcpx-5900
ord-1285,store-berlin-02,COLD_BREW,3.75,EUR,card-anob-9439
ord-1286,store-madrid-03,CAPPUCCINO,2.82,EUR,card-epzz-7844
ord-1287,store-berlin-02,CAPPUCCINO,3.60,EUR,card-sdkc-6471
ord-1288,store-berlin-02,MACCHIATO,3.12,EUR,card-vmju-6773
ord-1289,store-berlin-02,DOUBLE_ESPRESSO,3.29,EUR,card-wxgj-5562
ord-1290,store-berlin-02,FLAT_WHITE,3.31,EUR,card-hrcp-1537
ord-1291,store-london-01,DOUBLE_ESPRESSO,2.19,GBP,card-ynap-2104
ord-1292,store-madrid-03,COLD_BREW,3.26,EUR,card-mwkf-2595
ord-1293,store-london-01,CAPPUCCINO,3.23,GBP,card-fbfz-8774
ord-1294,store-london-01,CORTADO,3.06,GBP,card-lwdd-8733
ord-1295,store-berlin-02,CAPPUCCINO,2.04,EUR,card-siag-4797
ord-1296,store-madrid-03,MOCHA,3.40,EUR,card-wzxc-6245
ord-1297,store-berlin-02,DOUBLE_ESPRESSO,2.91,EUR,card-mxjs-6098
ord-1298,store-berlin-02,FLAT_WHITE,2.46,EUR,card-wjrn-1687
ord-1299,store-london-01,AMERICANO,2.49,GBP,card-zxyv-9121
ord-1300,store-madrid-03,CORTADO,2.36,EUR,card-mgzg-8523
ord-1301,store-berlin-02,MACCHIATO,1.61,EUR,card-tvze-0002
ord-1302,store-london-01,FLAT_WHITE,2.26,GBP,card-giun-8729
ord-1303,store-london-01,MOCHA,4.09,GBP,card-vtlv-5269
ord-1304,store-london-01,MACCHIATO,2.89,GBP,card-tkte-8887
ord-1305,store-london-01,LATTE,3.06,GBP,card-alty-0551
ord-1306,store-madrid-03,CORTADO,3.38,EUR,card-pyxl-0974
ord-1307,store-london-01,LATTE,2.30,GBP,card-ekho-9309
ord-1308,store-london-01,CAPPUCCINO,2.81,GBP,card-cksh-9623
ord-1309,store-madrid-03,CORTADO,1.86,EUR,card-ajas-3075
ord-1310,store-madrid-03,COLD_BREW,3.90,EUR,card-evud-3689
ord-1311,store-madrid-03,AMERICANO,2.43,EUR,card-uqeh-2838
ord-1312,store-london-01,MACCHIATO,2.72,GBP,card-iviw-6527
ord-1313,store-london-01,DOUBLE_ESPRESSO,2.88,GBP,card-prjt-4973
ord-1314,store-london-01,AMERICANO,3.00,GBP,card-stfu-3443
ord-1315,store-madrid-03,CAPPUCCINO,3.03,EUR,card-shkr-7584
ord-1316,store-berlin-02,MOCHA,4.00,EUR,card-xzjs-8665
ord-1317,store-berlin-02,LATTE,2.87,EUR,card-cpqv-0415
ord-1318,store-london-01,MOCHA,2.07,GBP,card-rjsr-7338
ord-1319,store-madrid-03,MACCHIATO,3.74,EUR,card-ppdq-2199
ord-1320,store-london-01,DOUBLE_ESPRESSO,2.33,GBP,card-gavt-8330
ord-1321,store-berlin-02,FLAT_WHITE,4.30,EUR,card-jkap-7120
ord-1322,store-madrid-03,CAPPUCCINO,3.96,EUR,card-uspd-7734
ord-1323,store-berlin-02,CAPPUCCINO,4.01,EUR,card-vucl-1938
ord-1324,store-madrid-03,CORTADO,4.10,EUR,card-yflv-6206
ord-1325,store-berlin-02,MACCHIATO,2.95,EUR,card-kmgv-4004
ord-1326,store-berlin-02,MACCHIATO,3.79,EUR,card-figd-4788
ord-1327,store-berlin-02,CORTADO,4.30,EUR,card-kudp-4315
ord-1328,store-london-01,LATTE,3.22,GBP,card-yskr-4205
ord-1329,store-london-01,MOCHA,1.63,GBP,card-bguf-3296
ord-1330,store-madrid-03,CORTADO,3.62,EUR,card-eupa-6122
ord-1331,store-berlin-02,MOCHA,4.47,EUR,card-wrvt-4637
ord-1332,store-madrid-03,AMERICANO,2.99,EUR,card-pxsp-9904
ord-1333,store-london-01,AMERICANO,3.01,GBP,card-kzrg-0174
ord-1334,store-madrid-03,FLAT_WHITE,4.11,EUR,card-nooi-4145
ord-1335,store-berlin-02,DOUBLE_ESPRESSO,3.08,EUR,card-xasj-7279
ord-1336,store-berlin-02,ESPRESSO,3.67,EUR,card-rwmy-7833
ord-1337,store-berlin-02,AMERICANO,1.72,EUR,card-txek-1878
ord-1338,store-berlin-02,FLAT_WHITE,3.37,EUR,card-mkij-1088
ord-1339,store-berlin-02,DOUBLE_ESPRESSO,4.06,EUR,card-hrnt-2587
ord-1340,store-madrid-03,MACCHIATO,2.64,EUR,card-czdd-9718
ord-1341,store-berlin-02,CORTADO,4.12,EUR,card-kdjd-2867
ord-1342,store-london-01,COLD_BREW,1.71,GBP,card-avnl-4064
ord-1343,store-madrid-03,CAPPUCCINO,4.49,EUR,card-seid-1065
ord-1344,store-madrid-03,DOUBLE_ESPRESSO,2.80,EUR,card-alxi-1704
ord-1345,store-london-01,DOUBLE_ESPRESSO,2.83,GBP,card-yyfr-6567
ord-1346,store-madrid-03,CAPPUCCINO,4.21,EUR,card-lizh-8251
ord-1347,store-london-01,FLAT_WHITE,3.89,GBP,card-tdru-2300
ord-1348,store-berlin-02,FLAT_WHITE,2.62,EUR,card-opdw-8686
ord-1349,store-london-01,LATTE,3.09,GBP,card-czqa-2431
ord-1350,store-madrid-03,AMERICANO,2.01,EUR,card-egmc-9033
ord-1351,store-london-01,COLD_BREW,4.11,GBP,card-vczc-7903
ord-1352,store-madrid-03,LATTE,2.99,EUR,card-igso-3830
ord-1353,store-madrid-03,AMERICANO,2.20,EUR,card-xrup-9599
ord-1354,store-madrid-03,CAPPUCCINO,2.88,EUR,card-atrd-4283
ord-1355,store-madrid-03,ESPRESSO,4.20,EUR,card-jfdw-8926
ord-1356,store-berlin-02,CAPPUCCINO,3.53,EUR,card-ajty-6856
ord-1357,store-london-01,DOUBLE_ESPRESSO,2.83,GBP,card-ottj-2873
ord-1358,store-berlin-02,COLD_BREW,2.40,EUR,card-ajhi-7086
ord-1359,store-berlin-02,CAPPUCCINO,2.87,EUR,card-vpfc-6343
ord-1360,store-berlin-02,LATTE,4.50,EUR,card-dryr-5183
ord-1361,store-berlin-02,DOUBLE_ESPRESSO,2.21,EUR,card-mzwl-9901
ord-1362,store-madrid-03,FLAT_WHITE,3.22,EUR,card-vtan-8373
ord-1363,store-madrid-03,CAPPUCCINO,1.57,EUR,card-smtn-3173
ord-1364,store-madrid-03,MOCHA,2.32,EUR,card-xsyd-6385
ord-1365,store-madrid-03,ESPRESSO,4.23,EUR,card-xgfd-8544
ord-1366,store-madrid-03,CORTADO,4.00,EUR,card-xuac-1753
ord-1367,store-berlin-02,LATTE,3.32,EUR,card-qjll-9320
ord-1368,store-berlin-02,LATTE,3.41,EUR,card-voyk-6423
ord-1369,store-madrid-03,CAPPUCCINO,3.53,EUR,card-qwfu-3785
ord-1370,store-madrid-03,AMERICANO,3.38,EUR,card-kiui-7725
ord-1371,store-madrid-03,ESPRESSO,2.43,EUR,card-hceq-7280
ord-1372,store-berlin-02,ESPRESSO,3.24,EUR,card-ooet-0062
ord-1373,store-madrid-03,AMERICANO,1.77,EUR,card-dxdn-2038
ord-1374,store-berlin-02,FLAT_WHITE,3.74,EUR,card-aija-9770
ord-1375,store-london-01,LATTE,1.90,GBP,card-isbg-0084
ord-1376,store-madrid-03,FLAT_WHITE,3.09,EUR,card-hjpm-6211
ord-1377,store-berlin-02,AMERICANO,2.27,EUR,card-ryzf-9845
ord-1378,store-berlin-02,CAPPUCCINO,3.74,EUR,card-psot-5679
ord-1379,store-berlin-02,DOUBLE_ESPRESSO,2.90,EUR,card-yyje-1016
ord-1380,store-london-01,AMERICANO,3.76,GBP,card-fbpy-0021
ord-1381,store-london-01,MOCHA,4.40,GBP,card-cons-5918
ord-1382,store-madrid-03,FLAT_WHITE,1.77,EUR,card-erri-9740
ord-1383,store-berlin-02,ESPRESSO,2.29,EUR,card-bnlj-9025
ord-1384,store-london-01,CORTADO,2.61,GBP,card-kpky-6142
ord-1385,store-madrid-03,CAPPUCCINO,3.25,EUR,card-ysuf-8562
ord-1386,store-madrid-03,FLAT_WHITE,1.83,EUR,card-boev-8501
ord-1387,store-london-01,CORTADO,1.58,GBP,card-xubo-9996
ord-1388,store-madrid-03,FLAT_WHITE,4.25,EUR,card-wjyb-4773
ord-1389,store-london-01,DOUBLE_ESPRESSO,3.41,GBP,card-xnsz-2961
ord-1390,store-berlin-02,CAPPUCCINO,3.45,EUR,card-jyty-3114
ord-1391,store-london-01,AMERICANO,1.64,GBP,card-gfat-2655
ord-1392,store-london-01,CAPPUCCINO,4.49,GBP,card-iflb-7541
ord-1393,store-london-01,DOUBLE_ESPRESSO,2.20,GBP,card-agbf-7888
ord-1394,store-madrid-03,AMERICANO,2.67,EUR,card-myuy-5819
ord-1395,store-berlin-02,MACCHIATO,2.76,EUR,card-xfuj-0466
ord-1396,store-madrid-03,AMERICANO,4.16,EUR,card-ryki-3982
ord-1397,store-madrid-03,DOUBLE_ESPRESSO,4.00,EUR,card-jekb-4447
ord-1398,store-madrid-03,MOCHA,4.32,EUR,card-yexq-4647
ord-1399,store-berlin-02,ESPRESSO,3.57,EUR,card-mdgi-3799
ord-1400,store-london-01,CORTADO,2.83,GBP,card-nyzv-4065
ord-1401,store-london-01,FLAT_WHITE,1.80,GBP,card-itum-7569
ord-1402,store-madrid-03,FLAT_WHITE,3.13,EUR,card-zusv-3752
ord-1403,store-madrid-03,FLAT_WHITE,1.68,EUR,card-yryz-7935
ord-1404,store-berlin-02,LATTE,4.40,EUR,card-lilr-5193
ord-1405,store-berlin-02,DOUBLE_ESPRESSO,3.49,EUR,card-czss-8073
ord-1406,store-madrid-03,COLD_BREW,4.41,EUR,card-otpq-1672
ord-1407,store-london-01,FLAT_WHITE,2.23,GBP,card-cmel-2661
ord-1408,store-london-01,COLD_BREW,2.12,GBP,card-icyx-6886
ord-1409,store-madrid-03,LATTE,3.26,EUR,card-xpqq-8911
ord-1410,store-london-01,FLAT_WHITE,3.82,GBP,card-kprp-5290
ord-1411,store-madrid-03,ESPRESSO,2.33,EUR,card-agqo-6561
ord-1412,store-london-01,AMERICANO,3.12,GBP,card-skoc-8889
ord-1413,store-london-01,DOUBLE_ESPRESSO,3.48,GBP,card-sgjw-5679
ord-1414,store-london-01,AMERICANO,1.54,GBP,card-afhu-0714
ord-1415,store-london-01,COLD_BREW,2.47,GBP,card-dynh-2545
ord-1416,store-london-01,CAPPUCCINO,1.66,GBP,card-cusc-7571
ord-1417,store-madrid-03,MOCHA,3.08,EUR,card-zthb-5140
ord-1418,store-madrid-03,DOUBLE_ESPRESSO,2.93,EUR,card-hljk-5123
ord-1419,store-berlin-02,MACCHIATO,3.28,EUR,card-ozzo-5867
ord-1420,store-berlin-02,MACCHIATO,2.16,EUR,card-bvnm-2266
ord-1421,store-madrid-03,ESPRESSO,3.68,EUR,card-atnn-7966
ord-1422,store-madrid-03,MACCHIATO,2.40,EUR,card-zilx-4191
ord-1423,store-madrid-03,ESPRESSO,1.68,EUR,card-qqfh-5371
ord-1424,store-berlin-02,MOCHA,2.78,EUR,card-zlhw-5969
ord-1425,store-london-01,CORTADO,3.64,GBP,card-rtzt-5792
ord-1426,store-berlin-02,DOUBLE_ESPRESSO,4.20,EUR,card-uhpt-9912
ord-1427,store-berlin-02,COLD_BREW,1.95,EUR,card-gyam-1252
ord-1428,store-london-01,CAPPUCCINO,3.37,GBP,card-lfoi-2966
ord-1429,store-madrid-03,MACCHIATO,3.64,EUR,card-silu-2827
ord-1430,store-berlin-02,COLD_BREW,3.09,EUR,card-afim-7905
ord-1431,store-berlin-02,MACCHIATO,3.32,EUR,card-arfa-6887
ord-1432,store-london-01,DOUBLE_ESPRESSO,4.06,GBP,card-kbyw-7721
ord-1433,store-madrid-03,MACCHIATO,3.66,EUR,card-oisk-3404
ord-1434,store-london-01,MOCHA,2.85,GBP,card-ghkh-7978
ord-1435,store-london-01,MOCHA,2.52,GBP,card-wcwu-4858
ord-1436,store-berlin-02,MOCHA,2.75,EUR,card-gvpw-7836
ord-1437,store-london-01,FLAT_WHITE,2.78,GBP,card-qwfc-3407
ord-1438,store-madrid-03,CAPPUCCINO,2.62,EUR,card-swtn-1339
ord-1439,store-london-01,CORTADO,1.70,GBP,card-ynnz-6292
ord-1440,store-london-01,DOUBLE_ESPRESSO,2.80,GBP,card-rmik-0958
ord-1441,store-madrid-03,FLAT_WHITE,3.94,EUR,card-rgrg-5449
ord-1442,store-madrid-03,ESPRESSO,3.26,EUR,card-pisi-2604
ord-1443,store-madrid-03,MACCHIATO,2.49,EUR,card-wrzf-3253
ord-1444,store-london-01,MOCHA,2.56,GBP,card-yceo-2946
ord-1445,store-madrid-03,MOCHA,4.10,EUR,card-sxdf-1684
ord-1446,store-madrid-03,ESPRESSO,4.41,EUR,card-udoq-5901
ord-1447,store-madrid-03,CAPPUCCINO,2.55,EUR,card-nbnf-5186
ord-1448,store-madrid-03,MACCHIATO,2.14,EUR,card-jkik-4545
ord-1449,store-madrid-03,CORTADO,2.17,EUR,card-goyd-7500
ord-1450,store-london-01,FLAT_WHITE,4.04,GBP,card-dabm-0127
ord-1451,store-berlin-02,DOUBLE_ESPRESSO,3.79,EUR,card-fpxq-2424
ord-1452,store-madrid-03,LATTE,3.92,EUR,card-zotu-1520
ord-1453,store-madrid-03,COLD_BREW,3.34,EUR,card-anee-3611
ord-1454,store-madrid-03,MACCHIATO,1.58,EUR,card-rcaa-2938
ord-1455,store-madrid-03,CAPPUCCINO,1.59,EUR,card-eeoy-5162
ord-1456,store-berlin-02,CAPPUCCINO,4.26,EUR,card-xtiy-1115
ord-1457,store-berlin-02,ESPRESSO,2.04,EUR,card-kanp-2218
ord-1458,store-london-01,COLD_BREW,3.47,GBP,card-ovja-2753
ord-1459,store-london-01,AMERICANO,3.72,GBP,card-giwh-9731
ord-1460,store-london-01,DOUBLE_ESPRESSO,3.74,GBP,card-uyip-9656
ord-1461,store-london-01,MOCHA,2.76,GBP,card-mmum-4138
ord-1462,store-berlin-02,AMERICANO,2.61,EUR,card-hmgm-4043
ord-1463,store-madrid-03,FLAT_WHITE,3.83,EUR,card-fyhp-6403
ord-1464,store-madrid-03,COLD_BREW,1.75,EUR,card-axui-7918
ord-1465,store-london-01,AMERICANO,1.97,GBP,card-irlw-6965
ord-1466,store-madrid-03,ESPRESSO,3.52,EUR,card-eaqn-7109
ord-1467,store-berlin-02,CORTADO,3.49,EUR,card-sotg-0068
ord-1468,store-berlin-02,COLD_BREW,2.83,EUR,card-oiin-6661
ord-1469,store-berlin-02,LATTE,3.76,EUR,card-fgnz-2414
ord-1470,store-london-01,FLAT_WHITE,2.79,GBP,card-lowp-2856
ord-1471,store-berlin-02,COLD_BREW,2.96,EUR,card-dpfb-1463
ord-1472,store-madrid-03,CAPPUCCINO,1.64,EUR,card-dtqv-1799
ord-1473,store-berlin-02,COLD_BREW,1.66,EUR,card-sakf-2102
ord-1474,store-london-01,CAPPUCCINO,4.34,GBP,card-kxiv-5884
ord-1475,store-london-01,CAPPUCCINO,2.37,GBP,card-zbrh-4105
ord-1476,store-london-01,ESPRESSO,2.99,GBP,card-fdgx-1491
ord-1477,store-berlin-02,AMERICANO,1.89,EUR,card-xkqx-0792
ord-1478,store-madrid-03,LATTE,3.00,EUR,card-vgac-1913
ord-1479,store-madrid-03,FLAT_WHITE,1.72,EUR,card-xyjl-0307
ord-1480,store-madrid-03,ESPRESSO,2.81,EUR,card-upau-0863
ord-1481,store-berlin-02,DOUBLE_ESPRESSO,4.09,EUR,card-xhgr-5419
ord-1482,store-madrid-03,MOCHA,3.22,EUR,card-czed-0238
ord-1483,store-madrid-03,MOCHA,2.37,EUR,card-jdax-4451
ord-1484,store-berlin-02,ESPRESSO,4.40,EUR,card-vnpd-3494
ord-1485,store-london-01,COLD_BREW,2.88,GBP,card-uiwy-5973
ord-1486,store-madrid-03,FLAT_WHITE,1.76,EUR,card-boiw-3206
ord-1487,store-london-01,LATTE,2.81,GBP,card-vutg-0506
ord-1488,store-berlin-02,MACCHIATO,1.74,EUR,card-fdjt-3836
ord-1489,store-berlin-02,FLAT_WHITE,2.16,EUR,card-hasx-4103
ord-1490,store-london-01,DOUBLE_ESPRESSO,3.03,GBP,card-gioz-7191
ord-1491,store-london-01,MACCHIATO,3.03,GBP,card-bqip-1990
ord-1492,store-berlin-02,FLAT_WHITE,3.68,EUR,card-svuu-4456
ord-1493,store-madrid-03,AMERICANO,2.21,EUR,card-mixx-7431
ord-1494,store-london-01,CAPPUCCINO,2.09,GBP,card-kcdu-9121
ord-1495,store-madrid-03,AMERICANO,3.78,EUR,card-xnct-6185
ord-1496,store-madrid-03,DOUBLE_ESPRESSO,2.03,EUR,card-kzrt-7411
ord-1497,store-madrid-03,CORTADO,2.89,EUR,card-jftp-9035
ord-1498,store-madrid-03,COLD_BREW,2.85,EUR,card-rtql-5680
ord-1499,store-madrid-03,COLD_BREW,2.47,EUR,card-vjpg-0678
ord-1500,store-madrid-03,FLAT_WHITE,1.95,EUR,card-adxo-7121
ord-1501,store-london-01,CORTADO,2.83,GBP,card-ropf-2365
ord-1502,store-berlin-02,CAPPUCCINO,3.27,EUR,card-bemp-9941
ord-1503,store-berlin-02,MACCHIATO,1.72,EUR,card-hcdd-7215
ord-1504,store-berlin-02,CORTADO,1.61,EUR,card-fbyr-2966
ord-1505,store-berlin-02,CAPPUCCINO,1.73,EUR,card-lrrc-6253
ord-1506,store-london-01,COLD_BREW,3.28,GBP,card-npps-2099
ord-1507,store-berlin-02,CORTADO,3.24,EUR,card-dfry-7687
ord-1508,store-madrid-03,ESPRESSO,2.85,EUR,card-pozi-2638
ord-1509,store-madrid-03,LATTE,2.46,EUR,card-iyfw-0657
ord-1510,store-berlin-02,MACCHIATO,1.95,EUR,card-rlbu-9856
ord-1511,store-london-01,CORTADO,1.81,GBP,card-dzeh-9304
ord-1512,store-berlin-02,DOUBLE_ESPRESSO,3.01,EUR,card-gpqp-5932
ord-1513,store-london-01,ESPRESSO,2.24,GBP,card-kzyw-4803
ord-1514,store-berlin-02,CORTADO,3.07,EUR,card-uzvs-2239
ord-1515,store-madrid-03,AMERICANO,2.59,EUR,card-kkjk-5905
ord-1516,store-berlin-02,MOCHA,2.73,EUR,card-lfcf-3784
ord-1517,store-berlin-02,COLD_BREW,1.66,EUR,card-bhea-0393
ord-1518,store-madrid-03,FLAT_WHITE,1.70,EUR,card-vtlz-5932
ord-1519,store-london-01,MACCHIATO,3.54,GBP,card-ltjx-5002
ord-1520,store-berlin-02,CAPPUCCINO,3.67,EUR,card-xtqz-1851
ord-1521,store-madrid-03,COLD_BREW,4.12,EUR,card-uiku-9154
ord-1522,store-berlin-02,DOUBLE_ESPRESSO,3.25,EUR,card-tjsn-6752
ord-1523,store-london-01,FLAT_WHITE,2.43,GBP,card-ytus-5392
ord-1524,store-madrid-03,MOCHA,1.89,EUR,card-skzx-4220
ord-1525,store-madrid-03,DOUBLE_ESPRESSO,2.43,EUR,card-uzno-9029
ord-1526,store-berlin-02,FLAT_WHITE,3.94,EUR,card-vvep-9172
ord-1527,store-madrid-03,MACCHIATO,1.78,EUR,card-tqou-5521
ord-1528,store-madrid-03,MOCHA,3.03,EUR,card-npse-5704
ord-1529,store-london-01,FLAT_WHITE,2.43,GBP,card-dycu-5410
ord-1530,store-london-01,FLAT_WHITE,4.34,GBP,card-ywiy-6267
ord-1531,store-berlin-02,LATTE,2.18,EUR,card-kcez-1793
ord-1532,store-london-01,AMERICANO,1.73,GBP,card-qgev-0405
ord-1533,store-london-01,MACCHIATO,3.81,GBP,card-jfvm-2621
ord-1534,store-madrid-03,MACCHIATO,1.61,EUR,card-pkmb-9706
ord-1535,store-berlin-02,COLD_BREW,1.89,EUR,card-nmas-2015
ord-1536,store-berlin-02,AMERICANO,1.99,EUR,card-tpgd-8844
ord-1537,store-madrid-03,COLD_BREW,3.93,EUR,card-jdxa-6987
ord-1538,store-london-01,CORTADO,1.63,GBP,card-emgb-6149
ord-1539,store-berlin-02,LATTE,4.41,EUR,card-ehty-3241
ord-1540,store-madrid-03,CAPPUCCINO,3.76,EUR,card-fpiy-6774
ord-1541,store-berlin-02,LATTE,3.10,EUR,card-lccq-2565
ord-1542,store-berlin-02,CORTADO,4.21,EUR,card-rkdj-7743
ord-1543,store-london-01,FLAT_WHITE,3.53,GBP,card-awlo-1158
ord-1544,store-madrid-03,CORTADO,2.89,EUR,card-aire-8068
ord-1545,store-berlin-02,MOCHA,3.01,EUR,card-fztc-9374
ord-1546,store-berlin-02,AMERICANO,3.95,EUR,card-rnjh-8989
ord-1547,store-madrid-03,AMERICANO,4.12,EUR,card-zmic-7223
ord-1548,store-london-01,CORTADO,4.12,GBP,card-ojmq-6163
ord-1549,store-madrid-03,DOUBLE_ESPRESSO,3.63,EUR,card-jzju-5116
ord-1550,store-madrid-03,DOUBLE_ESPRESSO,2.36,EUR,card-ysnl-4870
ord-1551,store-london-01,CAPPUCCINO,2.85,GBP,card-jjkl-8616
ord-1552,store-madrid-03,AMERICANO,3.99,EUR,card-xgys-9119
ord-1553,store-london-01,LATTE,3.95,GBP,card-ypfk-8564
ord-1554,store-berlin-02,ESPRESSO,2.74,EUR,card-rzjn-9702
ord-1555,store-berlin-02,MACCHIATO,2.62,EUR,card-vspd-9606
ord-1556,store-berlin-02,DOUBLE_ESPRESSO,2.62,EUR,card-vytt-7450
ord-1557,store-london-01,FLAT_WHITE,4.29,GBP,card-itvc-4713
ord-1558,store-madrid-03,FLAT_WHITE,3.87,EUR,card-pfmc-5469
ord-1559,store-london-01,ESPRESSO,2.36,GBP,card-xdgy-3678
ord-1560,store-berlin-02,AMERICANO,3.78,EUR,card-zixh-2148
ord-1561,store-berlin-02,CORTADO,3.35,EUR,card-mdpc-9023
ord-1562,store-london-01,ESPRESSO,2.27,GBP,card-rxdg-7053
ord-1563,store-london-01,MACCHIATO,4.32,GBP,card-xfmc-6103
ord-1564,store-madrid-03,MACCHIATO,2.77,EUR,card-wwkq-2798
ord-1565,store-berlin-02,LATTE,2.40,EUR,card-dkkx-1406
ord-1566,store-london-01,LATTE,2.76,GBP,card-rpag-3333
ord-1567,store-madrid-03,CORTADO,1.69,EUR,card-plmz-0072
ord-1568,store-berlin-02,COLD_BREW,3.11,EUR,card-zttt-0349
ord-1569,store-madrid-03,MACCHIATO,3.23,EUR,card-dqnd-4665
ord-1570,store-madrid-03,AMERICANO,2.37,EUR,card-lgag-4896
ord-1571,store-london-01,COLD_BREW,2.56,GBP,card-strg-5899
ord-1572,store-madrid-03,MOCHA,2.06,EUR,card-ourq-7154
ord-1573,store-madrid-03,DOUBLE_ESPRESSO,3.07,EUR,card-wpdz-4328
ord-1574,store-berlin-02,DOUBLE_ESPRESSO,4.36,EUR,card-ubpf-9652
ord-1575,store-madrid-03,MACCHIATO,3.86,EUR,card-yvcl-4466
ord-1576,store-madrid-03,MACCHIATO,1.56,EUR,card-rioy-9353
ord-1577,store-berlin-02,ESPRESSO,3.41,EUR,card-kqjl-7584
ord-1578,store-berlin-02,CAPPUCCINO,3.74,EUR,card-vquz-4172
ord-1579,store-berlin-02,DOUBLE_ESPRESSO,2.53,EUR,card-owov-8251
ord-1580,store-madrid-03,DOUBLE_ESPRESSO,3.81,EUR,card-qlsd-4655
ord-1581,store-madrid-03,FLAT_WHITE,1.90,EUR,card-lnee-1709
ord-1582,store-berlin-02,MACCHIATO,2.52,EUR,card-htad-3816
ord-1583,store-madrid-03,AMERICANO,3.99,EUR,card-akdj-2235
ord-1584,store-madrid-03,CORTADO,4.44,EUR,card-volu-5217
ord-1585,store-berlin-02,AMERICANO,3.93,EUR,card-nwxk-0074
ord-1586,store-london-01,CORTADO,1.61,GBP,card-inbo-9271
ord-1587,store-london-01,ESPRESSO,3.87,GBP,card-yaci-6667
ord-1588,store-london-01,FLAT_WHITE,4.30,GBP,card-whmb-3505
ord-1589,store-madrid-03,MOCHA,4.47,EUR,card-tigy-0335
ord-1590,store-madrid-03,CORTADO,2.26,EUR,card-ects-8942
ord-1591,store-madrid-03,LATTE,2.36,EUR,card-vbri-7898
ord-1592,store-london-01,FLAT_WHITE,2.32,GBP,card-kzzb-5753
ord-1593,store-berlin-02,MOCHA,4.17,EUR,card-ublg-3323
ord-1594,store-madrid-03,CORTADO,4.18,EUR,card-yoqx-2150
ord-1595,store-berlin-02,FLAT_WHITE,4.42,EUR,card-dqgp-8909
ord-1596,store-berlin-02,CORTADO,2.60,EUR,card-cyhj-0016
ord-1597,store-madrid-03,CAPPUCCINO,3.90,EUR,card-sroa-4723
ord-1598,store-madrid-03,MOCHA,1.74,EUR,card-rnms-4618
ord-1599,store-madrid-03,AMERICANO,3.14,EUR,card-unhs-2618
ord-1600,store-berlin-02,DOUBLE_ESPRESSO,1.74,EUR,card-mmxq-1173
ord-1601,store-madrid-03,CAPPUCCINO,2.42,EUR,card-skcj-8356
ord-1602,store-madrid-03,MOCHA,2.00,EUR,card-paaq-7375
ord-1603,store-berlin-02,FLAT_WHITE,2.84,EUR,card-jfxg-1197
ord-1604,store-madrid-03,FLAT_WHITE,3.34,EUR,card-dsqd-1143
ord-1605,store-berlin-02,CAPPUCCINO,3.42,EUR,card-sxzr-0120
ord-1606,store-london-01,DOUBLE_ESPRESSO,3.51,GBP,card-wcai-5611
ord-1607,store-berlin-02,FLAT_WHITE,3.04,EUR,card-nruf-2557
ord-1608,store-madrid-03,AMERICANO,4.36,EUR,card-zzdr-5521
ord-1609,store-london-01,COLD_BREW,3.53,GBP,card-hisu-6762
ord-1610,store-berlin-02,ESPRESSO,1.88,EUR,card-lezk-0216
ord-1611,store-london-01,FLAT_WHITE,2.59,GBP,card-xwnb-7296
ord-1612,store-madrid-03,ESPRESSO,3.32,EUR,card-acce-2771
ord-1613,store-madrid-03,CORTADO,4.35,EUR,card-xvku-4508
ord-1614,store-berlin-02,CORTADO,3.79,EUR,card-hssn-9358
ord-1615,store-madrid-03,AMERICANO,3.09,EUR,card-wqrp-1637
ord-1616,store-berlin-02,FLAT_WHITE,3.45,EUR,card-dapk-6289
ord-1617,store-london-01,DOUBLE_ESPRESSO,1.58,GBP,card-ewfu-8772
ord-1618,store-london-01,CORTADO,3.05,GBP,card-gojp-3540
ord-1619,store-madrid-03,DOUBLE_ESPRESSO,2.29,EUR,card-dczk-6631
ord-1620,store-berlin-02,CORTADO,2.14,EUR,card-uhfv-7177
ord-1621,store-madrid-03,CAPPUCCINO,3.58,EUR,card-cjja-0166
ord-1622,store-berlin-02,LATTE,1.87,EUR,card-gjnp-1994
ord-1623,store-london-01,CORTADO,2.02,GBP,card-odvj-7550
ord-1624,store-madrid-03,CORTADO,4.49,EUR,card-tchg-9975
ord-1625,store-madrid-03,FLAT_WHITE,3.50,EUR,card-ozsj-3055
ord-1626,store-madrid-03,DOUBLE_ESPRESSO,3.15,EUR,card-kfit-8510
ord-1627,store-berlin-02,CAPPUCCINO,4.05,EUR,card-mmhz-6149
ord-1628,store-madrid-03,AMERICANO,3.88,EUR,card-gwac-3735
ord-1629,store-madrid-03,LATTE,1.86,EUR,card-qlgi-9177
ord-1630,store-london-01,AMERICANO,2.21,GBP,card-jble-7080
ord-1631,store-berlin-02,ESPRESSO,2.58,EUR,card-uigy-8292
ord-1632,store-madrid-03,FLAT_WHITE,2.90,EUR,card-yams-9958
ord-1633,store-madrid-03,AMERICANO,3.34,EUR,card-sczi-3465
ord-1634,store-london-01,DOUBLE_ESPRESSO,2.43,GBP,card-tsju-2698
ord-1635,store-madrid-03,CORTADO,3.08,EUR,card-ntsr-8333
ord-1636,store-berlin-02,COLD_BREW,1.72,EUR,card-isou-5228
ord-1637,store-berlin-02,DOUBLE_ESPRESSO,2.85,EUR,card-lkqt-1587
ord-1638,store-madrid-03,MACCHIATO,2.53,EUR,card-zahg-6846
ord-1639,store-madrid-03,COLD_BREW,2.05,EUR,card-qdmr-0620
ord-1640,store-london-01,MOCHA,3.01,GBP,card-dsys-2442
ord-1641,store-london-01,DOUBLE_ESPRESSO,3.05,GBP,card-cgnr-3805
ord-1642,store-berlin-02,AMERICANO,1.99,EUR,card-pgyy-8386
ord-1643,store-madrid-03,LATTE,2.54,EUR,card-ayru-4066
ord-1644,store-madrid-03,CAPPUCCINO,4.04,EUR,card-mnxc-8004
ord-1645,store-berlin-02,LATTE,3.41,EUR,card-vmmx-3598
ord-1646,store-madrid-03,CAPPUCCINO,1.88,EUR,card-rell-3472
ord-1647,store-berlin-02,COLD_BREW,3.10,EUR,card-brjq-8160
ord-1648,store-madrid-03,AMERICANO,3.28,EUR,card-avdt-2294
ord-1649,store-madrid-03,AMERICANO,2.01,EUR,card-mdxo-2025
ord-1650,store-madrid-03,COLD_BREW,2.51,EUR,card-jwey-9479
ord-1651,store-madrid-03,ESPRESSO,3.98,EUR,card-heyg-5832
ord-1652,store-london-01,DOUBLE_ESPRESSO,1.64,GBP,card-zfwo-2688
ord-1653,store-madrid-03,COLD_BREW,2.29,EUR,card-snwn-3555
ord-1654,store-london-01,COLD_BREW,2.75,GBP,card-hqwc-8780
ord-1655,store-madrid-03,ESPRESSO,2.99,EUR,card-cruy-3993
ord-1656,store-madrid-03,MACCHIATO,2.37,EUR,card-usbh-1648
ord-1657,store-berlin-02,CORTADO,2.23,EUR,card-fcsp-5887
ord-1658,store-madrid-03,MOCHA,2.39,EUR,card-gkxi-3581
ord-1659,store-london-01,ESPRESSO,1.97,GBP,card-qoxn-8013
ord-1660,store-berlin-02,CORTADO,2.89,EUR,card-svxb-6138
ord-1661,store-berlin-02,COLD_BREW,1.93,EUR,card-tvcf-1207
ord-1662,store-madrid-03,FLAT_WHITE,3.70,EUR,card-jeko-1024
ord-1663,store-berlin-02,MOCHA,1.89,EUR,card-ozbu-4667
ord-1664,store-berlin-02,MACCHIATO,3.18,EUR,card-apun-0618
ord-1665,store-berlin-02,LATTE,2.90,EUR,card-wggs-1901
ord-1666,store-berlin-02,CORTADO,2.24,EUR,card-wcyz-4914
ord-1667,store-london-01,ESPRESSO,2.37,GBP,card-oivz-0728
ord-1668,store-berlin-02,COLD_BREW,2.75,EUR,card-ryup-8424
ord-1669,store-london-01,FLAT_WHITE,4.30,GBP,card-jhca-5088
ord-1670,store-madrid-03,FLAT_WHITE,2.07,EUR,card-jftn-9968
ord-1671,store-london-01,CORTADO,4.49,GBP,card-jklo-5368
ord-1672,store-berlin-02,CORTADO,4.14,EUR,card-lqzk-9431
ord-1673,store-berlin-02,ESPRESSO,1.77,EUR,card-esqe-0878
ord-1674,store-berlin-02,MACCHIATO,2.87,EUR,card-fvwi-4139
ord-1675,store-london-01,LATTE,3.25,GBP,card-emuf-3149
ord-1676,store-london-01,ESPRESSO,2.34,GBP,card-sljk-7594
ord-1677,store-madrid-03,CORTADO,2.36,EUR,card-kaup-9556
ord-1678,store-london-01,DOUBLE_ESPRESSO,2.79,GBP,card-iruv-3645
ord-1679,store-berlin-02,FLAT_WHITE,3.79,EUR,card-xtfj-7775
ord-1680,store-berlin-02,ESPRESSO,2.70,EUR,card-riim-1291
ord-1681,store-madrid-03,MACCHIATO,2.08,EUR,card-gobl-4110
ord-1682,store-madrid-03,CAPPUCCINO,1.72,EUR,card-cjqi-9693
ord-1683,store-madrid-03,CORTADO,3.79,EUR,card-zoxl-8725
ord-1684,store-berlin-02,COLD_BREW,3.54,EUR,card-gfzx-4278
ord-1685,store-london-01,AMERICANO,4.43,GBP,card-rkwg-8039
ord-1686,store-berlin-02,FLAT_WHITE,3.88,EUR,card-kkqj-2722
ord-1687,store-berlin-02,MACCHIATO,4.32,EUR,card-wfoe-7503
ord-1688,store-london-01,LATTE,3.31,GBP,card-qnhy-4530
ord-1689,store-berlin-02,MACCHIATO,1.62,EUR,card-ccpu-5677
ord-1690,store-london-01,AMERICANO,3.64,GBP,card-likl-1844
ord-1691,store-berlin-02,MACCHIATO,2.87,EUR,card-pehq-6659
ord-1692,store-madrid-03,MACCHIATO,1.92,EUR,card-wwfy-6386
ord-1693,store-madrid-03,FLAT_WHITE,1.99,EUR,card-icko-7908
ord-1694,store-madrid-03,CAPPUCCINO,3.28,EUR,card-jlkx-1843
ord-1695,store-madrid-03,MACCHIATO,3.10,EUR,card-zvuh-9136
ord-1696,store-madrid-03,COLD_BREW,2.40,EUR,card-lkpa-7773
ord-1697,store-london-01,FLAT_WHITE,2.49,GBP,card-klki-0302
ord-1698,store-london-01,MOCHA,3.25,GBP,card-dkql-8092
ord-1699,store-madrid-03,ESPRESSO,3.29,EUR,card-obuu-8699
ord-1700,store-berlin-02,COLD_BREW,3.23,EUR,card-meek-4137
ord-1701,store-madrid-03,ESPRESSO,3.25,EUR,card-ylxl-3692
ord-1702,store-london-01,MACCHIATO,3.39,GBP,card-urvd-9842
ord-1703,store-madrid-03,MOCHA,1.94,EUR,card-yyig-9913
ord-1704,store-madrid-03,LATTE,1.59,EUR,card-rajm-0388
ord-1705,store-madrid-03,DOUBLE_ESPRESSO,2.07,EUR,card-mcyi-1279
ord-1706,store-berlin-02,FLAT_WHITE,2.76,EUR,card-qimi-8117
ord-1707,store-berlin-02,LATTE,2.73,EUR,card-xcsh-0686
ord-1708,store-madrid-03,CORTADO,4.12,EUR,card-wlzv-6376
ord-1709,store-madrid-03,ESPRESSO,3.62,EUR,card-qexo-9162
ord-1710,store-madrid-03,LATTE,3.18,EUR,card-aqma-1498
ord-1711,store-madrid-03,CORTADO,3.08,EUR,card-hayp-0981
ord-1712,store-berlin-02,AMERICANO,2.88,EUR,card-gjbp-3565
ord-1713,store-madrid-03,FLAT_WHITE,3.14,EUR,card-bkxn-9448
ord-1714,store-madrid-03,CAPPUCCINO,3.33,EUR,card-jyje-4636
ord-1715,store-london-01,LATTE,2.34,GBP,card-eqtk-2588
ord-1716,store-berlin-02,LATTE,4.32,EUR,card-vocy-5621
ord-1717,store-berlin-02,CAPPUCCINO,3.61,EUR,card-zyvz-2138
ord-1718,store-madrid-03,CORTADO,2.45,EUR,card-yoaz-8902
ord-1719,store-berlin-02,MACCHIATO,4.30,EUR,card-bfeq-1279
ord-1720,store-madrid-03,CAPPUCCINO,2.36,EUR,card-cuyz-3519
ord-1721,store-madrid-03,MACCHIATO,2.64,EUR,card-dxlo-9849
ord-1722,store-berlin-02,FLAT_WHITE,4.36,EUR,card-qzhs-7703
ord-1723,store-london-01,CAPPUCCINO,1.63,GBP,card-hson-3098
ord-1724,store-madrid-03,DOUBLE_ESPRESSO,2.54,EUR,card-pakf-2053
ord-1725,store-berlin-02,CAPPUCCINO,3.74,EUR,card-zlmh-4656
ord-1726,store-london-01,LATTE,3.98,GBP,card-sujl-0118
ord-1727,store-berlin-02,MACCHIATO,3.59,EUR,card-mmdz-5543
ord-1728,store-london-01,DOUBLE_ESPRESSO,3.35,GBP,card-aggj-9042
ord-1729,store-madrid-03,LATTE,2.23,EUR,card-hzgq-1845
ord-1730,store-madrid-03,MACCHIATO,2.18,EUR,card-ykex-8947
ord-1731,store-london-01,ESPRESSO,1.80,GBP,card-lbeh-3577
ord-1732,store-berlin-02,CORTADO,1.80,EUR,card-rsoz-4163
ord-1733,store-london-01,ESPRESSO,4.39,GBP,card-iasq-5658
ord-1734,store-london-01,MOCHA,3.46,GBP,card-rvve-3416
ord-1735,store-berlin-02,CORTADO,3.45,EUR,card-wnkr-8275
ord-1736,store-berlin-02,FLAT_WHITE,2.36,EUR,card-pvpq-2373
ord-1737,store-london-01,DOUBLE_ESPRESSO,3.46,GBP,card-nwjx-3333
ord-1738,store-london-01,MACCHIATO,3.72,GBP,card-nawi-1117
ord-1739,store-london-01,AMERICANO,2.75,GBP,card-ufkr-0759
ord-1740,store-london-01,ESPRESSO,4.49,GBP,card-zowk-7284
ord-1741,store-berlin-02,CORTADO,2.06,EUR,card-eicg-2086
ord-1742,store-madrid-03,CAPPUCCINO,4.13,EUR,card-hshd-5627
ord-1743,store-london-01,CAPPUCCINO,3.20,GBP,card-ylgu-5003
ord-1744,store-london-01,FLAT_WHITE,2.35,GBP,card-jqpr-5942
ord-1745,store-madrid-03,MACCHIATO,3.07,EUR,card-lfbn-7955
ord-1746,store-london-01,MACCHIATO,2.90,GBP,card-rclk-6556
ord-1747,store-london-01,DOUBLE_ESPRESSO,2.49,GBP,card-urzp-2931
ord-1748,store-madrid-03,CORTADO,3.44,EUR,card-jzvj-8663
ord-1749,store-madrid-03,AMERICANO,1.54,EUR,card-fioh-7026
ord-1750,store-berlin-02,CAPPUCCINO,3.20,EUR,card-qjkd-8574
ord-1751,store-london-01,AMERICANO,3.33,GBP,card-nqeo-6120
ord-1752,store-madrid-03,MOCHA,3.98,EUR,card-xxjj-1754
ord-1753,store-madrid-03,FLAT_WHITE,1.76,EUR,card-hwrm-4506
ord-1754,store-madrid-03,DOUBLE_ESPRESSO,2.05,EUR,card-lxsw-3998
ord-1755,store-london-01,CORTADO,2.47,GBP,card-fyns-5877
ord-1756,store-london-01,ESPRESSO,2.28,GBP,card-aonk-7225
ord-1757,store-london-01,CORTADO,3.76,GBP,card-vouu-6112
ord-1758,store-berlin-02,CAPPUCCINO,3.25,EUR,card-rcxx-4496
ord-1759,store-madrid-03,ESPRESSO,2.28,EUR,card-klbi-9876
ord-1760,store-berlin-02,LATTE,1.69,EUR,card-kzgg-3413
ord-1761,store-london-01,CORTADO,2.42,GBP,card-bxzh-1780
ord-1762,store-berlin-02,MACCHIATO,4.27,EUR,card-jfpy-1149
ord-1763,store-madrid-03,CAPPUCCINO,3.57,EUR,card-coii-4334
ord-1764,store-madrid-03,CAPPUCCINO,2.60,EUR,card-qwue-8200
ord-1765,store-london-01,LATTE,4.37,GBP,card-cisi-7848
ord-1766,store-berlin-02,AMERICANO,2.86,EUR,card-ovok-2997
ord-1767,store-madrid-03,FLAT_WHITE,2.75,EUR,card-weio-6884
ord-1768,store-madrid-03,CORTADO,3.77,EUR,card-aqjt-1745
ord-1769,store-madrid-03,LATTE,3.79,EUR,card-wsei-0082
ord-1770,store-madrid-03,COLD_BREW,4.12,EUR,card-axbz-0774
ord-1771,store-london-01,MACCHIATO,2.84,GBP,card-jxma-4930
ord-1772,store-madrid-03,FLAT_WHITE,1.73,EUR,card-ktvp-8663
ord-1773,store-madrid-03,DOUBLE_ESPRESSO,1.69,EUR,card-fbop-6634
ord-1774,store-madrid-03,MACCHIATO,2.11,EUR,card-pviz-8944
ord-1775,store-madrid-03,AMERICANO,1.99,EUR,card-lish-4631
ord-1776,store-madrid-03,CORTADO,1.85,EUR,card-snfm-7974
ord-1777,store-london-01,COLD_BREW,2.97,GBP,card-iblg-5020
ord-1778,store-madrid-03,CORTADO,3.93,EUR,card-uaof-4427
ord-1779,store-berlin-02,AMERICANO,3.04,EUR,card-vaty-2073
ord-1780,store-berlin-02,COLD_BREW,1.67,EUR,card-vfwj-7570
ord-1781,store-berlin-02,CAPPUCCINO,3.67,EUR,card-ielm-0461
ord-1782,store-berlin-02,CAPPUCCINO,3.95,EUR,card-xtpy-4601
ord-1783,store-madrid-03,LATTE,3.23,EUR,card-dvxg-7303
ord-1784,store-london-01,MOCHA,2.53,GBP,card-rtuk-8376
ord-1785,store-london-01,MACCHIATO,4.48,GBP,card-qeot-0881
ord-1786,store-london-01,CORTADO,1.60,GBP,card-hpob-3503
ord-1787,store-berlin-02,AMERICANO,3.81,EUR,card-lhzy-5024
ord-1788,store-madrid-03,MOCHA,2.62,EUR,card-yses-3009
ord-1789,store-berlin-02,CORTADO,4.11,EUR,card-pkff-9251
ord-1790,store-berlin-02,MOCHA,1.74,EUR,card-wpjs-9500
ord-1791,store-madrid-03,MACCHIATO,1.90,EUR,card-oujy-8127
ord-1792,store-berlin-02,DOUBLE_ESPRESSO,2.04,EUR,card-sywu-5730
ord-1793,store-madrid-03,MOCHA,3.09,EUR,card-tcjs-2407
ord-1794,store-madrid-03,LATTE,4.00,EUR,card-liwu-8739
ord-1795,store-london-01,CAPPUCCINO,2.89,GBP,card-kehj-7498
ord-1796,store-madrid-03,MACCHIATO,2.77,EUR,card-xdax-7448
ord-1797,store-berlin-02,LATTE,2.24,EUR,card-nxxn-8620
ord-1798,store-berlin-02,AMERICANO,2.33,EUR,card-ymhr-3518
ord-1799,store-madrid-03,DOUBLE_ESPRESSO,1.60,EUR,card-suap-7829
ord-1800,store-madrid-03,MOCHA,3.34,EUR,card-qeci-5118
ord-1801,store-london-01,LATTE,2.12,GBP,card-fmgc-2031
ord-1802,store-london-01,COLD_BREW,1.60,GBP,card-nslq-9678
ord-1803,store-madrid-03,ESPRESSO,2.23,EUR,card-tean-0539
ord-1804,store-london-01,MOCHA,2.82,GBP,card-xjva-7170
ord-1805,store-madrid-03,LATTE,3.76,EUR,card-hcue-5094
ord-1806,store-london-01,AMERICANO,3.01,GBP,card-gguo-4138
ord-1807,store-berlin-02,LATTE,3.95,EUR,card-hqpk-8633
ord-1808,store-madrid-03,COLD_BREW,2.46,EUR,card-vgxo-2886
ord-1809,store-madrid-03,FLAT_WHITE,2.21,EUR,card-gkyl-9576
ord-1810,store-london-01,MACCHIATO,2.16,GBP,card-qkim-8685
ord-1811,store-berlin-02,CAPPUCCINO,1.68,EUR,card-uxaw-7558
ord-1812,store-madrid-03,AMERICANO,3.38,EUR,card-kiny-6593
ord-1813,store-berlin-02,MACCHIATO,2.99,EUR,card-czau-8457
ord-1814,store-berlin-02,MOCHA,3.86,EUR,card-hita-0490
ord-1815,store-berlin-02,MOCHA,2.72,EUR,card-bxsr-4335
ord-1816,store-berlin-02,MOCHA,2.05,EUR,card-kjgc-8889
ord-1817,store-madrid-03,CORTADO,2.22,EUR,card-qxlp-7522
ord-1818,store-london-01,CAPPUCCINO,4.07,GBP,card-kzkn-3441
ord-1819,store-london-01,CORTADO,4.24,GBP,card-fssk-1572
ord-1820,store-madrid-03,MOCHA,4.40,EUR,card-uzky-1940
ord-1821,store-madrid-03,MACCHIATO,1.90,EUR,card-bahx-1055
ord-1822,store-london-01,CAPPUCCINO,2.11,GBP,card-dthc-3906
ord-1823,store-madrid-03,DOUBLE_ESPRESSO,4.27,EUR,card-ugso-5892
ord-1824,store-berlin-02,DOUBLE_ESPRESSO,3.11,EUR,card-wmkg-2067
ord-1825,store-london-01,ESPRESSO,2.31,GBP,card-yzji-1364
ord-1826,store-madrid-03,COLD_BREW,3.31,EUR,card-vdjz-5179
ord-1827,store-london-01,LATTE,3.91,GBP,card-bxsi-4168
ord-1828,store-madrid-03,MACCHIATO,2.15,EUR,card-fzpk-2783
ord-1829,store-london-01,FLAT_WHITE,2.41,GBP,card-pper-3898
ord-1830,store-london-01,LATTE,4.31,GBP,card-hqab-6591
ord-1831,store-madrid-03,DOUBLE_ESPRESSO,3.74,EUR,card-wmpb-5535
ord-1832,store-berlin-02,LATTE,3.59,EUR,card-zcnj-4259
ord-1833,store-madrid-03,LATTE,2.69,EUR,card-rxjw-7033
ord-1834,store-london-01,MACCHIATO,2.46,GBP,card-njsa-1103
ord-1835,store-berlin-02,MOCHA,2.90,EUR,card-ebvn-5147
ord-1836,store-madrid-03,FLAT_WHITE,2.43,EUR,card-hwqj-8338
ord-1837,store-berlin-02,MACCHIATO,4.15,EUR,card-ylqh-7920
ord-1838,store-berlin-02,DOUBLE_ESPRESSO,3.91,EUR,card-smys-0420
ord-1839,store-madrid-03,CORTADO,3.78,EUR,card-paey-9407
ord-1840,store-berlin-02,LATTE,2.61,EUR,card-spyo-4510
ord-1841,store-berlin-02,ESPRESSO,3.19,EUR,card-fmif-6815
ord-1842,store-london-01,AMERICANO,1.55,GBP,card-jtbc-2387
ord-1843,store-madrid-03,COLD_BREW,3.24,EUR,card-fzvk-3845
ord-1844,store-berlin-02,CAPPUCCINO,1.96,EUR,card-otpg-0555
ord-1845,store-berlin-02,LATTE,2.64,EUR,card-bjro-4046
ord-1846,store-london-01,CORTADO,3.15,GBP,card-fuyh-2562
ord-1847,store-madrid-03,FLAT_WHITE,2.27,EUR,card-kjbt-9363
ord-1848,store-berlin-02,CORTADO,2.88,EUR,card-inpi-9578
ord-1849,store-madrid-03,FLAT_WHITE,2.01,EUR,card-tsth-9832
ord-1850,store-madrid-03,MACCHIATO,2.96,EUR,card-kuej-2629
ord-1851,store-madrid-03,ESPRESSO,3.07,EUR,card-jubw-8125
ord-1852,store-london-01,ESPRESSO,3.79,GBP,card-cvov-5664
ord-1853,store-berlin-02,AMERICANO,4.03,EUR,card-ilbw-4231
ord-1854,store-london-01,DOUBLE_ESPRESSO,3.62,GBP,card-knom-9949
ord-1855,store-london-01,LATTE,3.02,GBP,card-fsxe-3305
ord-1856,store-berlin-02,ESPRESSO,3.35,EUR,card-tpxl-2897
ord-1857,store-madrid-03,COLD_BREW,4.24,EUR,card-kmoc-6772
ord-1858,store-madrid-03,CORTADO,1.55,EUR,card-ovqm-6046
ord-1859,store-madrid-03,MACCHIATO,2.73,EUR,card-nfsu-3127
ord-1860,store-london-01,MACCHIATO,3.67,GBP,card-xcmv-7366
ord-1861,store-madrid-03,CAPPUCCINO,1.55,EUR,card-vkmi-6569
ord-1862,store-madrid-03,MOCHA,3.92,EUR,card-cdcp-8081
ord-1863,store-london-01,DOUBLE_ESPRESSO,4.25,GBP,card-jyhw-8860
ord-1864,store-madrid-03,AMERICANO,2.22,EUR,card-ztxs-0347
ord-1865,store-madrid-03,MACCHIATO,2.26,EUR,card-ndsh-7264
ord-1866,store-berlin-02,CAPPUCCINO,3.88,EUR,card-ughl-2771
ord-1867,store-london-01,FLAT_WHITE,4.38,GBP,card-aucb-9826
ord-1868,store-berlin-02,COLD_BREW,2.23,EUR,card-dfqu-2793
ord-1869,store-madrid-03,LATTE,2.40,EUR,card-tcox-2111
ord-1870,store-london-01,ESPRESSO,1.78,GBP,card-nkyj-1868
ord-1871,store-berlin-02,MOCHA,3.16,EUR,card-kqjk-6025
ord-1872,store-london-01,ESPRESSO,3.61,GBP,card-ttux-2206
ord-1873,store-london-01,CORTADO,4.04,GBP,card-iman-7421
ord-1874,store-madrid-03,FLAT_WHITE,3.20,EUR,card-fiza-4077
ord-1875,store-london-01,MACCHIATO,4.26,GBP,card-lqed-9733
ord-1876,store-london-01,LATTE,4.20,GBP,card-mapj-6719
ord-1877,store-madrid-03,COLD_BREW,2.93,EUR,card-dljd-4983
ord-1878,store-london-01,DOUBLE_ESPRESSO,3.55,GBP,card-qkmt-5020
ord-1879,store-berlin-02,MACCHIATO,3.19,EUR,card-alkr-5101
ord-1880,store-london-01,AMERICANO,4.29,GBP,card-yjld-4999
ord-1881,store-berlin-02,ESPRESSO,4.38,EUR,card-xtux-9501
ord-1882,store-madrid-03,AMERICANO,3.76,EUR,card-esei-6168
ord-1883,store-madrid-03,MOCHA,4.29,EUR,card-ahns-1458
ord-1884,store-berlin-02,AMERICANO,3.19,EUR,card-kuoh-3901
ord-1885,store-madrid-03,MOCHA,3.53,EUR,card-bmuq-1794
ord-1886,store-madrid-03,FLAT_WHITE,2.65,EUR,card-inkf-8995
ord-1887,store-madrid-03,AMERICANO,3.87,EUR,card-nots-8772
ord-1888,store-madrid-03,DOUBLE_ESPRESSO,3.00,EUR,card-doyh-3010
ord-1889,store-berlin-02,ESPRESSO,1.79,EUR,card-cvwj-3966
ord-1890,store-london-01,DOUBLE_ESPRESSO,2.52,GBP,card-qyet-3034
ord-1891,store-madrid-03,COLD_BREW,2.69,EUR,card-xahr-4885
ord-1892,store-berlin-02,ESPRESSO,3.40,EUR,card-nblm-5569
ord-1893,store-berlin-02,CORTADO,2.18,EUR,card-zcpi-5577
ord-1894,store-madrid-03,MOCHA,2.80,EUR,card-vdya-7278
ord-1895,store-madrid-03,COLD_BREW,3.48,EUR,card-uruj-0849
ord-1896,store-london-01,COLD_BREW,2.39,GBP,card-rvzy-8039
ord-1897,store-london-01,DOUBLE_ESPRESSO,1.75,GBP,card-bvyo-5124
ord-1898,store-london-01,MOCHA,3.64,GBP,card-ylmh-8299
ord-1899,store-madrid-03,AMERICANO,3.72,EUR,card-affp-4504
ord-1900,store-berlin-02,FLAT_WHITE,1.82,EUR,card-htlh-5743
ord-1901,store-london-01,CAPPUCCINO,2.83,GBP,card-cgbz-5031
ord-1902,store-berlin-02,DOUBLE_ESPRESSO,1.90,EUR,card-veuh-7823
ord-1903,store-london-01,MOCHA,2.85,GBP,card-hrin-4521
ord-1904,store-madrid-03,MACCHIATO,2.72,EUR,card-hatc-0768
ord-1905,store-london-01,DOUBLE_ESPRESSO,2.56,GBP,card-cghx-9157
ord-1906,store-london-01,COLD_BREW,3.29,GBP,card-onum-4094
ord-1907,store-berlin-02,MOCHA,1.54,EUR,card-uxcq-3448
ord-1908,store-berlin-02,MOCHA,3.84,EUR,card-rhan-1422
ord-1909,store-madrid-03,MACCHIATO,4.22,EUR,card-iwju-8813
ord-1910,store-london-01,COLD_BREW,3.06,GBP,card-pket-4249
ord-1911,store-madrid-03,MOCHA,2.01,EUR,card-dibe-9587
ord-1912,store-berlin-02,CAPPUCCINO,2.31,EUR,card-fbzl-0160
ord-1913,store-london-01,DOUBLE_ESPRESSO,2.00,GBP,card-wtvm-9979
ord-1914,store-berlin-02,MOCHA,2.40,EUR,card-ifzs-8179
ord-1915,store-london-01,FLAT_WHITE,2.26,GBP,card-rptx-7174
ord-1916,store-london-01,CORTADO,3.28,GBP,card-jnqx-7733
ord-1917,store-london-01,CORTADO,1.82,GBP,card-dfbe-6255
ord-1918,store-berlin-02,ESPRESSO,4.35,EUR,card-dksx-7157
ord-1919,store-berlin-02,COLD_BREW,2.64,EUR,card-ggzt-5992
ord-1920,store-berlin-02,CORTADO,2.50,EUR,card-ytid-1581
ord-1921,store-madrid-03,COLD_BREW,1.91,EUR,card-npjk-6963
ord-1922,store-berlin-02,COLD_BREW,4.34,EUR,card-nslb-7615
ord-1923,store-london-01,CORTADO,2.44,GBP,card-splq-6958
ord-1924,store-berlin-02,FLAT_WHITE,2.37,EUR,card-lmdu-1971
ord-1925,store-madrid-03,CORTADO,4.40,EUR,card-tzem-8172
ord-1926,store-london-01,FLAT_WHITE,2.63,GBP,card-fpqd-1965
ord-1927,store-berlin-02,FLAT_WHITE,1.84,EUR,card-woza-1329
ord-1928,store-madrid-03,LATTE,3.28,EUR,card-synk-2278
ord-1929,store-madrid-03,AMERICANO,3.55,EUR,card-tkyr-7335
ord-1930,store-madrid-03,ESPRESSO,4.36,EUR,card-lang-4651
ord-1931,store-berlin-02,LATTE,2.82,EUR,card-xjda-6240
ord-1932,store-berlin-02,DOUBLE_ESPRESSO,3.96,EUR,card-bpbs-8514
ord-1933,store-berlin-02,CORTADO,1.92,EUR,card-zybi-9656
ord-1934,store-berlin-02,LATTE,2.26,EUR,card-mjyx-3272
ord-1935,store-london-01,MOCHA,3.87,GBP,card-iaep-6242
ord-1936,store-london-01,CORTADO,4.47,GBP,card-ifip-0276
ord-1937,store-berlin-02,COLD_BREW,2.70,EUR,card-nldg-6796
ord-1938,store-madrid-03,MOCHA,3.13,EUR,card-wolb-6876
ord-1939,store-berlin-02,MACCHIATO,3.28,EUR,card-uptg-9097
ord-1940,store-london-01,DOUBLE_ESPRESSO,3.81,GBP,card-xcck-4689
ord-1941,store-madrid-03,FLAT_WHITE,2.00,EUR,card-esfj-7519
ord-1942,store-madrid-03,ESPRESSO,3.19,EUR,card-fhnf-8478
ord-1943,store-madrid-03,MOCHA,4.40,EUR,card-zltn-3718
ord-1944,store-berlin-02,MOCHA,1.82,EUR,card-edge-0580
ord-1945,store-london-01,CAPPUCCINO,2.17,GBP,card-zssk-9565
ord-1946,store-madrid-03,MACCHIATO,3.17,EUR,card-qdoe-0949
ord-1947,store-madrid-03,COLD_BREW,2.16,EUR,card-qszv-9290
ord-1948,store-berlin-02,MOCHA,2.89,EUR,card-fige-9047
ord-1949,store-madrid-03,COLD_BREW,3.57,EUR,card-rrqa-4429
ord-1950,store-london-01,FLAT_WHITE,4.49,GBP,card-vjqc-1929
ord-1951,store-berlin-02,DOUBLE_ESPRESSO,2.39,EUR,card-flzh-5243
ord-1952,store-london-01,DOUBLE_ESPRESSO,3.99,GBP,card-mjfw-0512
ord-1953,store-madrid-03,AMERICANO,2.54,EUR,card-uokn-6637
ord-1954,store-berlin-02,CORTADO,3.85,EUR,card-whdk-9504
ord-1955,store-madrid-03,CORTADO,2.54,EUR,card-evwi-7674
ord-1956,store-london-01,CORTADO,3.67,GBP,card-qjhb-3667
ord-1957,store-berlin-02,FLAT_WHITE,1.70,EUR,card-ruhr-0476
ord-1958,store-london-01,DOUBLE_ESPRESSO,1.57,GBP,card-bnpr-0185
ord-1959,store-berlin-02,DOUBLE_ESPRESSO,3.53,EUR,card-qplz-5441
ord-1960,store-london-01,LATTE,3.05,GBP,card-hvrs-7393
ord-1961,store-madrid-03,AMERICANO,2.49,EUR,card-raea-2580
ord-1962,store-berlin-02,CORTADO,2.20,EUR,card-rcwo-6181
ord-1963,store-berlin-02,AMERICANO,2.06,EUR,card-bnfd-4430
ord-1964,store-madrid-03,MOCHA,2.69,EUR,card-thfm-9391
ord-1965,store-madrid-03,COLD_BREW,4.15,EUR,card-hslq-2692
ord-1966,store-berlin-02,COLD_BREW,2.79,EUR,card-rxbs-4717
ord-1967,store-london-01,LATTE,2.12,GBP,card-rxdy-5421
ord-1968,store-madrid-03,DOUBLE_ESPRESSO,3.23,EUR,card-qlce-6504
ord-1969,store-madrid-03,AMERICANO,2.60,EUR,card-lpfg-7396
ord-1970,store-london-01,CORTADO,1.84,GBP,card-npgc-2863
ord-1971,store-madrid-03,CORTADO,3.08,EUR,card-ekuq-4101
ord-1972,store-madrid-03,FLAT_WHITE,3.29,EUR,card-poac-7072
ord-1973,store-madrid-03,MOCHA,3.26,EUR,card-zkag-6425
ord-1974,store-berlin-02,FLAT_WHITE,4.04,EUR,card-uxzy-7766
ord-1975,store-madrid-03,AMERICANO,3.94,EUR,card-ysxe-1830
ord-1976,store-madrid-03,CAPPUCCINO,4.26,EUR,card-vrtz-1985
ord-1977,store-madrid-03,DOUBLE_ESPRESSO,3.52,EUR,card-vfdw-0158
ord-1978,store-berlin-02,DOUBLE_ESPRESSO,2.22,EUR,card-cyqm-4328
ord-1979,store-london-01,AMERICANO,2.62,GBP,card-ffoc-4615
ord-1980,store-london-01,MACCHIATO,2.67,GBP,card-bulp-3203
ord-1981,store-madrid-03,AMERICANO,3.22,EUR,card-ptfi-7618
ord-1982,store-berlin-02,AMERICANO,2.96,EUR,card-dvyu-7005
ord-1983,store-madrid-03,AMERICANO,3.16,EUR,card-zpqh-0613
ord-1984,store-berlin-02,CAPPUCCINO,1.92,EUR,card-oecv-7829
ord-1985,store-berlin-02,CORTADO,3.36,EUR,card-ncps-2707
ord-1986,store-berlin-02,ESPRESSO,2.95,EUR,card-tygd-2020
ord-1987,store-london-01,MOCHA,4.39,GBP,card-ghfm-9291
ord-1988,store-madrid-03,CORTADO,2.73,EUR,card-bvzv-9313
ord-1989,store-berlin-02,MOCHA,3.63,EUR,card-iiuy-6519
ord-1990,store-berlin-02,CORTADO,2.00,EUR,card-vehr-3092
ord-1991,store-madrid-03,ESPRESSO,3.89,EUR,card-jkcp-2625
ord-1992,store-london-01,CAPPUCCINO,1.60,GBP,card-yony-9021
ord-1993,store-london-01,MACCHIATO,2.37,GBP,card-aalf-2071
ord-1994,store-berlin-02,COLD_BREW,3.73,EUR,card-sinj-9467
ord-1995,store-berlin-02,MACCHIATO,3.03,EUR,card-plns-4876
ord-1996,store-madrid-03,DOUBLE_ESPRESSO,2.30,EUR,card-nfoy-0927
ord-1997,store-madrid-03,FLAT_WHITE,3.13,EUR,card-jpmh-4560
ord-1998,store-london-01,CORTADO,3.14,GBP,card-wigo-8195
ord-1999,store-berlin-02,DOUBLE_ESPRESSO,3.71,EUR,card-mhyj-7340
ord-9001,store-london-01,LATTE,0.00,GBP,card-bad-001
ord-9002,store-berlin-02,UNICORN_BREW,3.00,EUR,card-bad-002
ord-9003,store-madrid-03,ESPRESSO,1.60,eur,card-bad-003
